-- Generated SQL inserts from YAML
BEGIN;
INSERT INTO "WorkoutDay" (id, "userId", date, program, notes) VALUES ('cm55j5xlr4c4erqmic7djuii', NULL, '2025-09-19', 'Πόδια', NULL);
INSERT INTO "Exercise" (id, "workoutDayId", "order", "nameGr", "nameEn") VALUES ('cmy0tfvce4ff4m35cji1fm9i', 'cm55j5xlr4c4erqmic7djuii', 1, 'Μηχάνημα Έξω Μηριαίων (Abductor)', NULL);
INSERT INTO "Set" (id, "exerciseId", "order", kg, reps, notes) VALUES ('cm0cjaxit0g7ez0qd3cr39z6', 'cmy0tfvce4ff4m35cji1fm9i', 1, 36.0, 12, NULL);
INSERT INTO "Set" (id, "exerciseId", "order", kg, reps, notes) VALUES ('cmbsnkhus59qqoh7128hsvck', 'cmy0tfvce4ff4m35cji1fm9i', 2, 43.0, 12, NULL);
INSERT INTO "Set" (id, "exerciseId", "order", kg, reps, notes) VALUES ('cm5lpa3vux6ymqdng7x35zn7', 'cmy0tfvce4ff4m35cji1fm9i', 3, 50.0, 12, NULL);
INSERT INTO "Set" (id, "exerciseId", "order", kg, reps, notes) VALUES ('cmh4v8968h0o58vuk0jqz2jj', 'cmy0tfvce4ff4m35cji1fm9i', 4, 50.0, 12, NULL);
INSERT INTO "Exercise" (id, "workoutDayId", "order", "nameGr", "nameEn") VALUES ('cmwkgcnslj2rai28b25vaz6u', 'cm55j5xlr4c4erqmic7djuii', 2, 'Μηχάνημα Έσω Μηριαίων (Adductor)', NULL);
INSERT INTO "Set" (id, "exerciseId", "order", kg, reps, notes) VALUES ('cmiwtb0m5hm04i6jhw15c8mz', 'cmwkgcnslj2rai28b25vaz6u', 1, 36.0, 12, NULL);
INSERT INTO "Set" (id, "exerciseId", "order", kg, reps, notes) VALUES ('cm253c6irvcz0d4p5q1q8akl', 'cmwkgcnslj2rai28b25vaz6u', 2, 43.0, 8, 'Δυσκολεύτηκα');
INSERT INTO "Set" (id, "exerciseId", "order", kg, reps, notes) VALUES ('cmakode6obimeuegyur0sz0i', 'cmwkgcnslj2rai28b25vaz6u', 3, 43.0, 6, 'Ρίχνω κιλά');
INSERT INTO "Exercise" (id, "workoutDayId", "order", "nameGr", "nameEn") VALUES ('cmlohyahu73xpgj2sb8x0q5i', 'cm55j5xlr4c4erqmic7djuii', 3, 'Μηχάνημα Εκτάσεις Τετρακεφάλων (Leg Extension)', NULL);
INSERT INTO "Exercise" (id, "workoutDayId", "order", "nameGr", "nameEn") VALUES ('cm7g11iqd4gi2akx1bmnroi2', 'cm55j5xlr4c4erqmic7djuii', 4, 'Μηχάνημα Κάμψεις Ποδιών (Leg Curl)', NULL);
INSERT INTO "Exercise" (id, "workoutDayId", "order", "nameGr", "nameEn") VALUES ('cmfkfuwgocm1ohhdam8g1ou5', 'cm55j5xlr4c4erqmic7djuii', 5, 'Μηχάνημα Κοιλιακών (Ab Crunch)', NULL);
INSERT INTO "WorkoutDay" (id, "userId", date, program, notes) VALUES ('cmvalmscsdson0a6gv47kuhl', NULL, '2025-09-22', 'Πόδια', NULL);
INSERT INTO "Exercise" (id, "workoutDayId", "order", "nameGr", "nameEn") VALUES ('cm6zu14yrfp3grx63p4l0vl6', 'cmvalmscsdson0a6gv47kuhl', 1, 'Μηχάνημα Πιέσεων Ποδιών (Leg Press)', NULL);
INSERT INTO "Set" (id, "exerciseId", "order", kg, reps, notes) VALUES ('cmxnahby9nec5rbrslc14slj', 'cm6zu14yrfp3grx63p4l0vl6', 1, 100.0, 15, 'Ζέσταμα');
INSERT INTO "Set" (id, "exerciseId", "order", kg, reps, notes) VALUES ('cmxeka8zuv6e9cj9mojozrwi', 'cm6zu14yrfp3grx63p4l0vl6', 2, 140.0, 12, 'Καλή ένταση');
INSERT INTO "Set" (id, "exerciseId", "order", kg, reps, notes) VALUES ('cmobevn6f0qeipdbt0vfhmaq', 'cm6zu14yrfp3grx63p4l0vl6', 3, 180.0, 10, 'Δύσκολο σετ, κοντά σε αποτυχία');
INSERT INTO "Exercise" (id, "workoutDayId", "order", "nameGr", "nameEn") VALUES ('cmsy9mdc9n0duyyhfykmjcea', 'cmvalmscsdson0a6gv47kuhl', 2, 'Καθίσματα με Μπάρα (Barbell Squat)', NULL);
INSERT INTO "Set" (id, "exerciseId", "order", kg, reps, notes) VALUES ('cmhnhdefcqwhc3fr717od2gr', 'cmsy9mdc9n0duyyhfykmjcea', 1, 60.0, 12, 'Εύκολο ξεκίνημα');
INSERT INTO "Set" (id, "exerciseId", "order", kg, reps, notes) VALUES ('cm63vttchu3db53xu5tjmc7h', 'cmsy9mdc9n0duyyhfykmjcea', 2, 80.0, 10, 'Καλή τεχνική');
INSERT INTO "Set" (id, "exerciseId", "order", kg, reps, notes) VALUES ('cm1r5gy2me01iyjl4re45vu5', 'cmsy9mdc9n0duyyhfykmjcea', 3, 100.0, 8, 'Αποτυχία στο τέλος');
INSERT INTO "Exercise" (id, "workoutDayId", "order", "nameGr", "nameEn") VALUES ('cmulkyl6cxin70x6s9yq9krm', 'cmvalmscsdson0a6gv47kuhl', 3, 'Προβολές με Αλτήρες (Dumbbell Lunges)', NULL);
INSERT INTO "Set" (id, "exerciseId", "order", kg, reps, notes) VALUES ('cmtqir34injn6h9qzluui9ls', 'cmulkyl6cxin70x6s9yq9krm', 1, 20.0, NULL, 'Σταθερά βήματα (επαναλήψεις: 12 (κάθε πόδι))');
INSERT INTO "Set" (id, "exerciseId", "order", kg, reps, notes) VALUES ('cmb4s5mbfgm5ckv35y8al84c', 'cmulkyl6cxin70x6s9yq9krm', 2, 24.0, NULL, 'Καλή δυσκολία (επαναλήψεις: 10 (κάθε πόδι))');
INSERT INTO "Set" (id, "exerciseId", "order", kg, reps, notes) VALUES ('cm0veglgh0ao7y0uk8dd4jrf', 'cmulkyl6cxin70x6s9yq9krm', 3, 26.0, NULL, 'Αποτυχία στο τελευταίο (επαναλήψεις: 8 (κάθε πόδι))');
INSERT INTO "Exercise" (id, "workoutDayId", "order", "nameGr", "nameEn") VALUES ('cmuk25d74lj711tgfte8o4uc', 'cmvalmscsdson0a6gv47kuhl', 4, 'Μηχάνημα Εκτάσεων Τετρακεφάλων (Leg Extension)', NULL);
INSERT INTO "Set" (id, "exerciseId", "order", kg, reps, notes) VALUES ('cmuber2uj9ogisr82o9q8194', 'cmuk25d74lj711tgfte8o4uc', 1, 40.0, 15, 'Εύκολο');
INSERT INTO "Set" (id, "exerciseId", "order", kg, reps, notes) VALUES ('cmanb329u8vuzdmcbzhn5guk', 'cmuk25d74lj711tgfte8o4uc', 2, 50.0, 12, 'Καλή πίεση');
INSERT INTO "Set" (id, "exerciseId", "order", kg, reps, notes) VALUES ('cm89gp6pg0hgmrzdixc9kh9v', 'cmuk25d74lj711tgfte8o4uc', 3, 60.0, 10, 'Αποτυχία');
INSERT INTO "Exercise" (id, "workoutDayId", "order", "nameGr", "nameEn") VALUES ('cm2tugarvd443l3cizw0rrhp', 'cmvalmscsdson0a6gv47kuhl', 5, 'Μηχάνημα Κάμψεων Οπισθίων Μηριαίων (Leg Curl)', NULL);
INSERT INTO "Set" (id, "exerciseId", "order", kg, reps, notes) VALUES ('cm1wqt7a6vlewxil68zge7io', 'cm2tugarvd443l3cizw0rrhp', 1, 30.0, 15, 'Ζέσταμα');
INSERT INTO "Set" (id, "exerciseId", "order", kg, reps, notes) VALUES ('cm8pynkeifg06yfoajp4wo19', 'cm2tugarvd443l3cizw0rrhp', 2, 40.0, 12, 'Καλή ένταση');
INSERT INTO "Set" (id, "exerciseId", "order", kg, reps, notes) VALUES ('cmsu88zy895rp8bhtprthh7g', 'cm2tugarvd443l3cizw0rrhp', 3, 50.0, 8, 'Δύσκολο, κοντά σε αποτυχία');
INSERT INTO "WorkoutDay" (id, "userId", date, program, notes) VALUES ('cmkmyqrm2kpeiceu5o6lkty5', NULL, '2025-09-23', 'Πλάτη & Δικέφαλοι', NULL);
INSERT INTO "Exercise" (id, "workoutDayId", "order", "nameGr", "nameEn") VALUES ('cmbgadjwfznuvjizw9ijpli5', 'cmkmyqrm2kpeiceu5o6lkty5', 1, 'Μηχάνημα Έλξεων (Lat Pulldown)', NULL);
INSERT INTO "Set" (id, "exerciseId", "order", kg, reps, notes) VALUES ('cml1fjlqiije1ksvrck8alzx', 'cmbgadjwfznuvjizw9ijpli5', 1, 39.0, 12, NULL);
INSERT INTO "Set" (id, "exerciseId", "order", kg, reps, notes) VALUES ('cmpm7fnh1vryv4njdfjuelwt', 'cmbgadjwfznuvjizw9ijpli5', 2, 45.0, 12, 'Με δυσκολία');
INSERT INTO "Set" (id, "exerciseId", "order", kg, reps, notes) VALUES ('cmaninth9eljea4mmdxqh2xc', 'cmbgadjwfznuvjizw9ijpli5', 3, 52.0, 10, 'Αποτυχία');
INSERT INTO "Set" (id, "exerciseId", "order", kg, reps, notes) VALUES ('cm5bojbnbamkzvs510cd64yl', 'cmbgadjwfznuvjizw9ijpli5', 4, 59.0, 9, 'Αποτυχία');
INSERT INTO "Exercise" (id, "workoutDayId", "order", "nameGr", "nameEn") VALUES ('cm6377q87rdu9vec9p4jkheh', 'cmkmyqrm2kpeiceu5o6lkty5', 2, 'Μηχάνημα Κωπηλατικής (Low Row) με V-Bar', NULL);
INSERT INTO "Set" (id, "exerciseId", "order", kg, reps, notes) VALUES ('cmkxgeu8c3zn0wejug71sx6a', 'cm6377q87rdu9vec9p4jkheh', 1, 52.0, 12, NULL);
INSERT INTO "Set" (id, "exerciseId", "order", kg, reps, notes) VALUES ('cmeezika4nwa9ii7vdy7tdri', 'cm6377q87rdu9vec9p4jkheh', 2, 59.0, 12, NULL);
INSERT INTO "Set" (id, "exerciseId", "order", kg, reps, notes) VALUES ('cmidzvf1afeimtdtablrapmj', 'cm6377q87rdu9vec9p4jkheh', 3, 66.0, 12, 'Αποτυχία');
INSERT INTO "Set" (id, "exerciseId", "order", kg, reps, notes) VALUES ('cmc4m9iifztmihfpkyl9p66e', 'cm6377q87rdu9vec9p4jkheh', 4, 66.0, 12, 'Αποτυχία');
INSERT INTO "Exercise" (id, "workoutDayId", "order", "nameGr", "nameEn") VALUES ('cmdefk3z7roo8eoqdgh3u5cs', 'cmkmyqrm2kpeiceu5o6lkty5', 3, 'Κωπηλατική με Μπάρα (Barbell Row)', NULL);
INSERT INTO "Set" (id, "exerciseId", "order", kg, reps, notes) VALUES ('cmanei89spbnvi2mddtvenn7', 'cmdefk3z7roo8eoqdgh3u5cs', 1, 20.0, 12, NULL);
INSERT INTO "Set" (id, "exerciseId", "order", kg, reps, notes) VALUES ('cmuipdz7hca8si0jy58la7tm', 'cmdefk3z7roo8eoqdgh3u5cs', 2, 30.0, 10, 'Με δυσκολία');
INSERT INTO "Set" (id, "exerciseId", "order", kg, reps, notes) VALUES ('cm96cwjjbq5h97491xc7qw2c', 'cmdefk3z7roo8eoqdgh3u5cs', 3, 30.0, 10, 'Αποτυχία');
INSERT INTO "Set" (id, "exerciseId", "order", kg, reps, notes) VALUES ('cm9lkq46mo6b55t0tzsgurpl', 'cmdefk3z7roo8eoqdgh3u5cs', 4, 30.0, 10, 'Αποτυχία');
INSERT INTO "Exercise" (id, "workoutDayId", "order", "nameGr", "nameEn") VALUES ('cmyj73dirpdjkt5eo0a0tjzj', 'cmkmyqrm2kpeiceu5o6lkty5', 4, 'Κάμψεις Δικεφάλων με Στραβομπάρα (EZ Bar Curl)', NULL);
INSERT INTO "Set" (id, "exerciseId", "order", kg, reps, notes) VALUES ('cmn42ikx2ndf50bnl0jzoocg', 'cmyj73dirpdjkt5eo0a0tjzj', 1, 20.0, 12, 'Εύκολο');
INSERT INTO "Set" (id, "exerciseId", "order", kg, reps, notes) VALUES ('cm895xof2yhmmrufte64au4r', 'cmyj73dirpdjkt5eo0a0tjzj', 2, 20.0, 12, 'Εύκολο');
INSERT INTO "Set" (id, "exerciseId", "order", kg, reps, notes) VALUES ('cmb10qi7gdy1q78kxdsi52mh', 'cmyj73dirpdjkt5eo0a0tjzj', 3, 20.0, 12, 'Εύκολο');
INSERT INTO "Set" (id, "exerciseId", "order", kg, reps, notes) VALUES ('cm1nfczgwjacrcvod6bg1ddp', 'cmyj73dirpdjkt5eo0a0tjzj', 4, 20.0, 12, 'Εύκολο');
INSERT INTO "Set" (id, "exerciseId", "order", kg, reps, notes) VALUES ('cmtvffvr1xfajj5rjsuog8e2', 'cmyj73dirpdjkt5eo0a0tjzj', 5, 20.0, 12, 'Εύκολο');
INSERT INTO "Exercise" (id, "workoutDayId", "order", "nameGr", "nameEn") VALUES ('cm2v1to5k8gx1gmn3r8gf6q1', 'cmkmyqrm2kpeiceu5o6lkty5', 5, 'Κοιλιακοί (Abs)', NULL);
INSERT INTO "Set" (id, "exerciseId", "order", kg, reps, notes) VALUES ('cmyt7yn3250b65b013ocqyax', 'cm2v1to5k8gx1gmn3r8gf6q1', 1, NULL, 20, '(Σωματικό βάρος)');
INSERT INTO "Set" (id, "exerciseId", "order", kg, reps, notes) VALUES ('cmezjnl7w9usnsuk5lk6d1qq', 'cm2v1to5k8gx1gmn3r8gf6q1', 2, NULL, 20, '(Σωματικό βάρος)');
INSERT INTO "Set" (id, "exerciseId", "order", kg, reps, notes) VALUES ('cmfdgum5sa48f43lei9vj9ay', 'cm2v1to5k8gx1gmn3r8gf6q1', 3, NULL, 20, '(Σωματικό βάρος)');
COMMIT;
